doc_id,doc_title,line_id,scene_id,source_file,source_path,relative_path,batch_id,scene_index,scene,line_no,row_type,line_category,speaker,speaker_char_id,cue,perform_type,perform_subtype,action_tags,participants,text,raw_line
pdf_01000000__01005012___3a15b05878,海潮珠,pdf_01000000__01005012___3a15b05878__line__000001,pdf_01000000__01005012___3a15b05878__scene__000,01005012_海潮珠.pdf,D:\University_studies\Junior\data_visualization\experiment\final_self\opera_dataset\01000000\01005012_海潮珠.pdf,01000000/01005012_海潮珠.pdf,49bfac8f-ad5c-4639-829d-be1bd24f8504,0,序幕/前置内容,1,narration,narration,,,,说明,,,《海潮珠》,# 《海潮珠》,# 《海潮珠》
pdf_01000000__01005012___3a15b05878,海潮珠,pdf_01000000__01005012___3a15b05878__line__000003,pdf_01000000__01005012___3a15b05878__scene__000,01005012_海潮珠.pdf,D:\University_studies\Junior\data_visualization\experiment\final_self\opera_dataset\01000000\01005012_海潮珠.pdf,01000000/01005012_海潮珠.pdf,49bfac8f-ad5c-4639-829d-be1bd24f8504,0,序幕/前置内容,3,narration,narration,,,,说明,,,（一名：《崔子弑君》；一名：《碧尘帕》,# （一名：《崔子弑君》；一名：《碧尘帕》）,# （一名：《崔子弑君》；一名：《碧尘帕》）
pdf_01000000__01005012___3a15b05878,海潮珠,pdf_01000000__01005012___3a15b05878__line__000029,pdf_01000000__01005012___3a15b05878__scene__001,01005012_海潮珠.pdf,D:\University_studies\Junior\data_visualization\experiment\final_self\opera_dataset\01000000\01005012_海潮珠.pdf,01000000/01005012_海潮珠.pdf,49bfac8f-ad5c-4639-829d-be1bd24f8504,1,【第一场】,29,dialogue,dialogue,崔杼,pdf_01000000__01005012___3a15b05878__char__0fd66493c8,唱,唱,唱,上；下；来,崔杼,"有崔子回府来明察暗访,狗贱人安下了害我的心肠。行几步来至在府门以外,(家院暗上。)","崔杼（唱）有崔子回府来明察暗访,狗贱人安下了害我的心肠。行几步来至在府门以外,(家院暗上。)"
pdf_01000000__01005012___3a15b05878,海潮珠,pdf_01000000__01005012___3a15b05878__line__000029,pdf_01000000__01005012___3a15b05878__scene__001,01005012_海潮珠.pdf,D:\University_studies\Junior\data_visualization\experiment\final_self\opera_dataset\01000000\01005012_海潮珠.pdf,01000000/01005012_海潮珠.pdf,49bfac8f-ad5c-4639-829d-be1bd24f8504,1,【第一场】,29,dialogue,dialogue,崔杼,pdf_01000000__01005012___3a15b05878__char__0fd66493c8,白,白,白,念白,崔杼,家院。,崔杼（白）家院。
pdf_01000000__01005012___3a15b05878,海潮珠,pdf_01000000__01005012___3a15b05878__line__000029,pdf_01000000__01005012___3a15b05878__scene__001,01005012_海潮珠.pdf,D:\University_studies\Junior\data_visualization\experiment\final_self\opera_dataset\01000000\01005012_海潮珠.pdf,01000000/01005012_海潮珠.pdf,49bfac8f-ad5c-4639-829d-be1bd24f8504,1,【第一场】,29,dialogue,dialogue,家院,pdf_01000000__01005012___3a15b05878__char__34d037d401,白,白,白,念白,家院,参见老爷。,家院（白）参见老爷。
pdf_01000000__01005012___3a15b05878,海潮珠,pdf_01000000__01005012___3a15b05878__line__000029,pdf_01000000__01005012___3a15b05878__scene__001,01005012_海潮珠.pdf,D:\University_studies\Junior\data_visualization\experiment\final_self\opera_dataset\01000000\01005012_海潮珠.pdf,01000000/01005012_海潮珠.pdf,49bfac8f-ad5c-4639-829d-be1bd24f8504,1,【第一场】,29,dialogue,dialogue,崔杼,pdf_01000000__01005012___3a15b05878__char__0fd66493c8,白,白,白,下；退；念白,崔杼,退下。,崔杼（白）退下。
pdf_01000000__01005012___3a15b05878,海潮珠,pdf_01000000__01005012___3a15b05878__line__000029,pdf_01000000__01005012___3a15b05878__scene__001,01005012_海潮珠.pdf,D:\University_studies\Junior\data_visualization\experiment\final_self\opera_dataset\01000000\01005012_海潮珠.pdf,01000000/01005012_海潮珠.pdf,49bfac8f-ad5c-4639-829d-be1bd24f8504,1,【第一场】,29,dialogue,dialogue,崔杼,pdf_01000000__01005012___3a15b05878__char__0fd66493c8,唱,唱,唱,进；来；去；叫,崔杼,"叫家院近前来细听端详:进府去对夫人把话言讲,你就说我老爷得病回乡。","崔杼（唱）叫家院近前来细听端详:进府去对夫人把话言讲,你就说我老爷得病回乡。"
pdf_01000000__01005012___3a15b05878,海潮珠,pdf_01000000__01005012___3a15b05878__line__000029,pdf_01000000__01005012___3a15b05878__scene__001,01005012_海潮珠.pdf,D:\University_studies\Junior\data_visualization\experiment\final_self\opera_dataset\01000000\01005012_海潮珠.pdf,01000000/01005012_海潮珠.pdf,49bfac8f-ad5c-4639-829d-be1bd24f8504,1,【第一场】,29,dialogue,dialogue,家院,pdf_01000000__01005012___3a15b05878__char__34d037d401,白,白,白,请；念白,家院,有请夫人。,家院（白）有请夫人。
pdf_01000000__01005012___3a15b05878,海潮珠,pdf_01000000__01005012___3a15b05878__line__000029,pdf_01000000__01005012___3a15b05878__scene__001,01005012_海潮珠.pdf,D:\University_studies\Junior\data_visualization\experiment\final_self\opera_dataset\01000000\01005012_海潮珠.pdf,01000000/01005012_海潮珠.pdf,49bfac8f-ad5c-4639-829d-be1bd24f8504,1,【第一场】,29,dialogue,dialogue,棠姜,pdf_01000000__01005012___3a15b05878__char__0cb0a943f9,内西皮导板,对白,内西皮导板,上；请,棠姜,"忽听得家院一声请,(棠姜上。)","棠姜（内西皮导板）忽听得家院一声请,(棠姜上。)"
pdf_01000000__01005012___3a15b05878,海潮珠,pdf_01000000__01005012___3a15b05878__line__000029,pdf_01000000__01005012___3a15b05878__scene__001,01005012_海潮珠.pdf,D:\University_studies\Junior\data_visualization\experiment\final_self\opera_dataset\01000000\01005012_海潮珠.pdf,01000000/01005012_海潮珠.pdf,49bfac8f-ad5c-4639-829d-be1bd24f8504,1,【第一场】,29,lyric,lyric,棠姜,pdf_01000000__01005012___3a15b05878__char__0cb0a943f9,西皮慢板,唱,西皮慢板,上；来；问；请；唱段,棠姜,"但不知他请我所为何情?将身儿来至在二堂以上,问家院你请我所为何情?","棠姜（西皮慢板）但不知他请我所为何情?将身儿来至在二堂以上,问家院你请我所为何情?"
pdf_01000000__01005012___3a15b05878,海潮珠,pdf_01000000__01005012___3a15b05878__line__000029,pdf_01000000__01005012___3a15b05878__scene__001,01005012_海潮珠.pdf,D:\University_studies\Junior\data_visualization\experiment\final_self\opera_dataset\01000000\01005012_海潮珠.pdf,01000000/01005012_海潮珠.pdf,49bfac8f-ad5c-4639-829d-be1bd24f8504,1,【第一场】,29,dialogue,dialogue,家院,pdf_01000000__01005012___3a15b05878__char__34d037d401,白,白,白,念白,家院,老爷回府。,家院（白）老爷回府。
pdf_01000000__01005012___3a15b05878,海潮珠,pdf_01000000__01005012___3a15b05878__line__000029,pdf_01000000__01005012___3a15b05878__scene__001,01005012_海潮珠.pdf,D:\University_studies\Junior\data_visualization\experiment\final_self\opera_dataset\01000000\01005012_海潮珠.pdf,01000000/01005012_海潮珠.pdf,49bfac8f-ad5c-4639-829d-be1bd24f8504,1,【第一场】,29,dialogue,dialogue,棠姜,pdf_01000000__01005012___3a15b05878__char__0cb0a943f9,白,白,白,念白,棠姜,哦!,棠姜（白）哦!
pdf_01000000__01005012___3a15b05878,海潮珠,pdf_01000000__01005012___3a15b05878__line__000029,pdf_01000000__01005012___3a15b05878__scene__001,01005012_海潮珠.pdf,D:\University_studies\Junior\data_visualization\experiment\final_self\opera_dataset\01000000\01005012_海潮珠.pdf,01000000/01005012_海潮珠.pdf,49bfac8f-ad5c-4639-829d-be1bd24f8504,1,【第一场】,29,dialogue,dialogue,崔杼,pdf_01000000__01005012___3a15b05878__char__0fd66493c8,白,白,白,念白,崔杼,哇吓......,崔杼（白）哇吓......
pdf_01000000__01005012___3a15b05878,海潮珠,pdf_01000000__01005012___3a15b05878__line__000029,pdf_01000000__01005012___3a15b05878__scene__001,01005012_海潮珠.pdf,D:\University_studies\Junior\data_visualization\experiment\final_self\opera_dataset\01000000\01005012_海潮珠.pdf,01000000/01005012_海潮珠.pdf,49bfac8f-ad5c-4639-829d-be1bd24f8504,1,【第一场】,29,dialogue,dialogue,棠姜,pdf_01000000__01005012___3a15b05878__char__0cb0a943f9,哭,做,哭,问；哭,棠姜,问老爷你得的什么病情?,棠姜（哭）问老爷你得的什么病情?
pdf_01000000__01005012___3a15b05878,海潮珠,pdf_01000000__01005012___3a15b05878__line__000029,pdf_01000000__01005012___3a15b05878__scene__001,01005012_海潮珠.pdf,D:\University_studies\Junior\data_visualization\experiment\final_self\opera_dataset\01000000\01005012_海潮珠.pdf,01000000/01005012_海潮珠.pdf,49bfac8f-ad5c-4639-829d-be1bd24f8504,1,【第一场】,29,dialogue,dialogue,棠姜,pdf_01000000__01005012___3a15b05878__char__0cb0a943f9,白,白,白,念白,棠姜,"罢了,夫人。","棠姜（白）罢了,夫人。"
pdf_01000000__01005012___3a15b05878,海潮珠,pdf_01000000__01005012___3a15b05878__line__000029,pdf_01000000__01005012___3a15b05878__scene__001,01005012_海潮珠.pdf,D:\University_studies\Junior\data_visualization\experiment\final_self\opera_dataset\01000000\01005012_海潮珠.pdf,01000000/01005012_海潮珠.pdf,49bfac8f-ad5c-4639-829d-be1bd24f8504,1,【第一场】,29,dialogue,dialogue,崔杼,pdf_01000000__01005012___3a15b05878__char__0fd66493c8,白,白,白,上；下；来；去；打；坐；念白,崔杼,"夫妻们坐床前叙叙家常:可恨那狗番奴发来兵将,他要夺我主爷锦绣封疆。我主爷差为夫前去打仗,到夜晚困至在牛皮帐房。卸金盔换金甲风冒身上,得下了冤孽病不能久长。","崔杼（白）夫妻们坐床前叙叙家常:可恨那狗番奴发来兵将,他要夺我主爷锦绣封疆。我主爷差为夫前去打仗,到夜晚困至在牛皮帐房。卸金盔换金甲风冒身上,得下了冤孽病不能久长。"
pdf_01000000__01005012___3a15b05878,海潮珠,pdf_01000000__01005012___3a15b05878__line__000029,pdf_01000000__01005012___3a15b05878__scene__001,01005012_海潮珠.pdf,D:\University_studies\Junior\data_visualization\experiment\final_self\opera_dataset\01000000\01005012_海潮珠.pdf,01000000/01005012_海潮珠.pdf,49bfac8f-ad5c-4639-829d-be1bd24f8504,1,【第一场】,29,dialogue,dialogue,棠姜,pdf_01000000__01005012___3a15b05878__char__0cb0a943f9,白,白,白,念白,棠姜,哦哦。,棠姜（白）哦哦。
pdf_01000000__01005012___3a15b05878,海潮珠,pdf_01000000__01005012___3a15b05878__line__000029,pdf_01000000__01005012___3a15b05878__scene__001,01005012_海潮珠.pdf,D:\University_studies\Junior\data_visualization\experiment\final_self\opera_dataset\01000000\01005012_海潮珠.pdf,01000000/01005012_海潮珠.pdf,49bfac8f-ad5c-4639-829d-be1bd24f8504,1,【第一场】,29,lyric,lyric,崔杼,pdf_01000000__01005012___3a15b05878__char__0fd66493c8,西皮摇板,唱,西皮摇板,上；走；去；杀；追；唱段,崔杼,"有崔子在二堂用目观望,狗贱人到花园前去降香。我这里手使剑忙赶上,追杀贱人走一场。","崔杼（西皮摇板）有崔子在二堂用目观望,狗贱人到花园前去降香。我这里手使剑忙赶上,追杀贱人走一场。"
pdf_01000000__01005012___3a15b05878,海潮珠,pdf_01000000__01005012___3a15b05878__line__000037,pdf_01000000__01005012___3a15b05878__scene__003,01005012_海潮珠.pdf,D:\University_studies\Junior\data_visualization\experiment\final_self\opera_dataset\01000000\01005012_海潮珠.pdf,01000000/01005012_海潮珠.pdf,49bfac8f-ad5c-4639-829d-be1bd24f8504,3,【第三场】,37,narration,narration,,,,说明,,上；进；来,四龙套；太监；龙套；齐王,"<table><tr><td colspan=""2"">(四龙套同上,齐王、太监同上。)</td></tr><tr><td>齐王 (唱)</td><td>有孤王登基来风调雨顺,全凭着文共武保定乾坤。内侍臣摆着驾九龙口进,</td></tr></table>","<table><tr><td colspan=""2"">(四龙套同上,齐王、太监同上。)</td></tr><tr><td>齐王 (唱)</td><td>有孤王登基来风调雨顺,全凭着文共武保定乾坤。内侍臣摆着驾九龙口进,</td></tr></table>"
pdf_01000000__01005012___3a15b05878,海潮珠,pdf_01000000__01005012___3a15b05878__line__000039,pdf_01000000__01005012___3a15b05878__scene__003,01005012_海潮珠.pdf,D:\University_studies\Junior\data_visualization\experiment\final_self\opera_dataset\01000000\01005012_海潮珠.pdf,01000000/01005012_海潮珠.pdf,49bfac8f-ad5c-4639-829d-be1bd24f8504,3,【第三场】,39,dialogue,dialogue,大夫,pdf_01000000__01005012___3a15b05878__char__87fe33e510,唱,唱,唱,进,大夫,"将身且把龙庭进,见了大王奏分明。","大夫（唱）将身且把龙庭进,见了大王奏分明。"
pdf_01000000__01005012___3a15b05878,海潮珠,pdf_01000000__01005012___3a15b05878__line__000039,pdf_01000000__01005012___3a15b05878__scene__003,01005012_海潮珠.pdf,D:\University_studies\Junior\data_visualization\experiment\final_self\opera_dataset\01000000\01005012_海潮珠.pdf,01000000/01005012_海潮珠.pdf,49bfac8f-ad5c-4639-829d-be1bd24f8504,3,【第三场】,39,dialogue,dialogue,齐王,pdf_01000000__01005012___3a15b05878__char__b7d8f33666,白,白,白,念白,齐王,卿家平身。,齐王（白）卿家平身。
pdf_01000000__01005012___3a15b05878,海潮珠,pdf_01000000__01005012___3a15b05878__line__000039,pdf_01000000__01005012___3a15b05878__scene__003,01005012_海潮珠.pdf,D:\University_studies\Junior\data_visualization\experiment\final_self\opera_dataset\01000000\01005012_海潮珠.pdf,01000000/01005012_海潮珠.pdf,49bfac8f-ad5c-4639-829d-be1bd24f8504,3,【第三场】,39,dialogue,dialogue,大夫,pdf_01000000__01005012___3a15b05878__char__87fe33e510,白,白,白,念白,大夫,千千岁!,大夫（白）千千岁!
pdf_01000000__01005012___3a15b05878,海潮珠,pdf_01000000__01005012___3a15b05878__line__000039,pdf_01000000__01005012___3a15b05878__scene__003,01005012_海潮珠.pdf,D:\University_studies\Junior\data_visualization\experiment\final_self\opera_dataset\01000000\01005012_海潮珠.pdf,01000000/01005012_海潮珠.pdf,49bfac8f-ad5c-4639-829d-be1bd24f8504,3,【第三场】,39,dialogue,dialogue,齐王,pdf_01000000__01005012___3a15b05878__char__b7d8f33666,白,白,白,坐；念白,齐王,赐坐。,齐王（白）赐坐。
pdf_01000000__01005012___3a15b05878,海潮珠,pdf_01000000__01005012___3a15b05878__line__000039,pdf_01000000__01005012___3a15b05878__scene__003,01005012_海潮珠.pdf,D:\University_studies\Junior\data_visualization\experiment\final_self\opera_dataset\01000000\01005012_海潮珠.pdf,01000000/01005012_海潮珠.pdf,49bfac8f-ad5c-4639-829d-be1bd24f8504,3,【第三场】,39,dialogue,dialogue,大夫,pdf_01000000__01005012___3a15b05878__char__87fe33e510,白,白,白,念白,大夫,谢座。,大夫（白）谢座。
pdf_01000000__01005012___3a15b05878,海潮珠,pdf_01000000__01005012___3a15b05878__line__000039,pdf_01000000__01005012___3a15b05878__scene__003,01005012_海潮珠.pdf,D:\University_studies\Junior\data_visualization\experiment\final_self\opera_dataset\01000000\01005012_海潮珠.pdf,01000000/01005012_海潮珠.pdf,49bfac8f-ad5c-4639-829d-be1bd24f8504,3,【第三场】,39,dialogue,dialogue,齐王,pdf_01000000__01005012___3a15b05878__char__b7d8f33666,白,白,白,上；念白,齐王,"卿家上殿,有何本奏?","齐王（白）卿家上殿,有何本奏?"
pdf_01000000__01005012___3a15b05878,海潮珠,pdf_01000000__01005012___3a15b05878__line__000039,pdf_01000000__01005012___3a15b05878__scene__003,01005012_海潮珠.pdf,D:\University_studies\Junior\data_visualization\experiment\final_self\opera_dataset\01000000\01005012_海潮珠.pdf,01000000/01005012_海潮珠.pdf,49bfac8f-ad5c-4639-829d-be1bd24f8504,3,【第三场】,39,dialogue,dialogue,大夫,pdf_01000000__01005012___3a15b05878__char__87fe33e510,白,白,白,念白,大夫,崔子回朝。,大夫（白）崔子回朝。
pdf_01000000__01005012___3a15b05878,海潮珠,pdf_01000000__01005012___3a15b05878__line__000039,pdf_01000000__01005012___3a15b05878__scene__003,01005012_海潮珠.pdf,D:\University_studies\Junior\data_visualization\experiment\final_self\opera_dataset\01000000\01005012_海潮珠.pdf,01000000/01005012_海潮珠.pdf,49bfac8f-ad5c-4639-829d-be1bd24f8504,3,【第三场】,39,dialogue,dialogue,太监,pdf_01000000__01005012___3a15b05878__char__20b74380ff,白,白,白,问；念白,太监,"哎,大王,崔子无故回朝,理当问斩。","太监（白）哎,大王,崔子无故回朝,理当问斩。"
pdf_01000000__01005012___3a15b05878,海潮珠,pdf_01000000__01005012___3a15b05878__line__000039,pdf_01000000__01005012___3a15b05878__scene__003,01005012_海潮珠.pdf,D:\University_studies\Junior\data_visualization\experiment\final_self\opera_dataset\01000000\01005012_海潮珠.pdf,01000000/01005012_海潮珠.pdf,49bfac8f-ad5c-4639-829d-be1bd24f8504,3,【第三场】,39,dialogue,dialogue,齐王,pdf_01000000__01005012___3a15b05878__char__b7d8f33666,白,白,白,问；念白,齐王,"着吓,无故回朝,理当问斩。","齐王（白）着吓,无故回朝,理当问斩。"
pdf_01000000__01005012___3a15b05878,海潮珠,pdf_01000000__01005012___3a15b05878__line__000039,pdf_01000000__01005012___3a15b05878__scene__003,01005012_海潮珠.pdf,D:\University_studies\Junior\data_visualization\experiment\final_self\opera_dataset\01000000\01005012_海潮珠.pdf,01000000/01005012_海潮珠.pdf,49bfac8f-ad5c-4639-829d-be1bd24f8504,3,【第三场】,39,dialogue,dialogue,大夫,pdf_01000000__01005012___3a15b05878__char__87fe33e510,白,白,白,念白,大夫,有病回朝。,大夫（白）有病回朝。
pdf_01000000__01005012___3a15b05878,海潮珠,pdf_01000000__01005012___3a15b05878__line__000039,pdf_01000000__01005012___3a15b05878__scene__003,01005012_海潮珠.pdf,D:\University_studies\Junior\data_visualization\experiment\final_self\opera_dataset\01000000\01005012_海潮珠.pdf,01000000/01005012_海潮珠.pdf,49bfac8f-ad5c-4639-829d-be1bd24f8504,3,【第三场】,39,dialogue,dialogue,太监,pdf_01000000__01005012___3a15b05878__char__20b74380ff,白,白,白,念白,太监,假意得病。,太监（白）假意得病。
pdf_01000000__01005012___3a15b05878,海潮珠,pdf_01000000__01005012___3a15b05878__line__000039,pdf_01000000__01005012___3a15b05878__scene__003,01005012_海潮珠.pdf,D:\University_studies\Junior\data_visualization\experiment\final_self\opera_dataset\01000000\01005012_海潮珠.pdf,01000000/01005012_海潮珠.pdf,49bfac8f-ad5c-4639-829d-be1bd24f8504,3,【第三场】,39,dialogue,dialogue,齐王,pdf_01000000__01005012___3a15b05878__char__b7d8f33666,白,白,白,念白,齐王,"着吓,他假意得病。","齐王（白）着吓,他假意得病。"
pdf_01000000__01005012___3a15b05878,海潮珠,pdf_01000000__01005012___3a15b05878__line__000039,pdf_01000000__01005012___3a15b05878__scene__003,01005012_海潮珠.pdf,D:\University_studies\Junior\data_visualization\experiment\final_self\opera_dataset\01000000\01005012_海潮珠.pdf,01000000/01005012_海潮珠.pdf,49bfac8f-ad5c-4639-829d-be1bd24f8504,3,【第三场】,39,dialogue,dialogue,大夫,pdf_01000000__01005012___3a15b05878__char__87fe33e510,白,白,白,念白,大夫,"大王不信,过府探病。","大夫（白）大王不信,过府探病。"
pdf_01000000__01005012___3a15b05878,海潮珠,pdf_01000000__01005012___3a15b05878__line__000039,pdf_01000000__01005012___3a15b05878__scene__003,01005012_海潮珠.pdf,D:\University_studies\Junior\data_visualization\experiment\final_self\opera_dataset\01000000\01005012_海潮珠.pdf,01000000/01005012_海潮珠.pdf,49bfac8f-ad5c-4639-829d-be1bd24f8504,3,【第三场】,39,dialogue,dialogue,齐王,pdf_01000000__01005012___3a15b05878__char__b7d8f33666,白,白,白,念白,齐王,内侍摆驾。,齐王（白）内侍摆驾。
pdf_01000000__01005012___3a15b05878,海潮珠,pdf_01000000__01005012___3a15b05878__line__000039,pdf_01000000__01005012___3a15b05878__scene__003,01005012_海潮珠.pdf,D:\University_studies\Junior\data_visualization\experiment\final_self\opera_dataset\01000000\01005012_海潮珠.pdf,01000000/01005012_海潮珠.pdf,49bfac8f-ad5c-4639-829d-be1bd24f8504,3,【第三场】,39,dialogue,dialogue,太监,pdf_01000000__01005012___3a15b05878__char__20b74380ff,白,白,白,念白,太监,为臣告假。,太监（白）为臣告假。
pdf_01000000__01005012___3a15b05878,海潮珠,pdf_01000000__01005012___3a15b05878__line__000039,pdf_01000000__01005012___3a15b05878__scene__003,01005012_海潮珠.pdf,D:\University_studies\Junior\data_visualization\experiment\final_self\opera_dataset\01000000\01005012_海潮珠.pdf,01000000/01005012_海潮珠.pdf,49bfac8f-ad5c-4639-829d-be1bd24f8504,3,【第三场】,39,dialogue,dialogue,齐王,pdf_01000000__01005012___3a15b05878__char__b7d8f33666,白,白,白,念白,齐王,却是为何?,齐王（白）却是为何?
pdf_01000000__01005012___3a15b05878,海潮珠,pdf_01000000__01005012___3a15b05878__line__000039,pdf_01000000__01005012___3a15b05878__scene__003,01005012_海潮珠.pdf,D:\University_studies\Junior\data_visualization\experiment\final_self\opera_dataset\01000000\01005012_海潮珠.pdf,01000000/01005012_海潮珠.pdf,49bfac8f-ad5c-4639-829d-be1bd24f8504,3,【第三场】,39,dialogue,dialogue,太监,pdf_01000000__01005012___3a15b05878__char__20b74380ff,白,白,白,念白,太监,臣常要拉稀。,太监（白）臣常要拉稀。
pdf_01000000__01005012___3a15b05878,海潮珠,pdf_01000000__01005012___3a15b05878__line__000039,pdf_01000000__01005012___3a15b05878__scene__003,01005012_海潮珠.pdf,D:\University_studies\Junior\data_visualization\experiment\final_self\opera_dataset\01000000\01005012_海潮珠.pdf,01000000/01005012_海潮珠.pdf,49bfac8f-ad5c-4639-829d-be1bd24f8504,3,【第三场】,39,dialogue,dialogue,齐王,pdf_01000000__01005012___3a15b05878__char__b7d8f33666,白,白,白,来；念白,齐王,"不妨事,多带草纸。快快保驾来。","齐王（白）不妨事,多带草纸。快快保驾来。"
pdf_01000000__01005012___3a15b05878,海潮珠,pdf_01000000__01005012___3a15b05878__line__000039,pdf_01000000__01005012___3a15b05878__scene__003,01005012_海潮珠.pdf,D:\University_studies\Junior\data_visualization\experiment\final_self\opera_dataset\01000000\01005012_海潮珠.pdf,01000000/01005012_海潮珠.pdf,49bfac8f-ad5c-4639-829d-be1bd24f8504,3,【第三场】,39,dialogue,dialogue,太监,pdf_01000000__01005012___3a15b05878__char__20b74380ff,白,白,白,念白,太监,哽哼!,太监（白）哽哼!
pdf_01000000__01005012___3a15b05878,海潮珠,pdf_01000000__01005012___3a15b05878__line__000039,pdf_01000000__01005012___3a15b05878__scene__003,01005012_海潮珠.pdf,D:\University_studies\Junior\data_visualization\experiment\final_self\opera_dataset\01000000\01005012_海潮珠.pdf,01000000/01005012_海潮珠.pdf,49bfac8f-ad5c-4639-829d-be1bd24f8504,3,【第三场】,39,dialogue,dialogue,齐王,pdf_01000000__01005012___3a15b05878__char__b7d8f33666,唱,唱,唱,看,齐王,细看分明。,齐王（唱）细看分明。
pdf_01000000__01005012___3a15b05878,海潮珠,pdf_01000000__01005012___3a15b05878__line__000043,pdf_01000000__01005012___3a15b05878__scene__004,01005012_海潮珠.pdf,D:\University_studies\Junior\data_visualization\experiment\final_self\opera_dataset\01000000\01005012_海潮珠.pdf,01000000/01005012_海潮珠.pdf,49bfac8f-ad5c-4639-829d-be1bd24f8504,4,【第四场】,43,lyric,lyric,崔杼,pdf_01000000__01005012___3a15b05878__char__0fd66493c8,西皮摇板,唱,西皮摇板,上；唱段,崔杼,"假意儿跌倒在流平地上,","崔杼（西皮摇板）假意儿跌倒在流平地上,"
pdf_01000000__01005012___3a15b05878,海潮珠,pdf_01000000__01005012___3a15b05878__line__000043,pdf_01000000__01005012___3a15b05878__scene__004,01005012_海潮珠.pdf,D:\University_studies\Junior\data_visualization\experiment\final_self\opera_dataset\01000000\01005012_海潮珠.pdf,01000000/01005012_海潮珠.pdf,49bfac8f-ad5c-4639-829d-be1bd24f8504,4,【第四场】,43,dialogue,dialogue,棠姜,pdf_01000000__01005012___3a15b05878__char__0cb0a943f9,白,白,白,来；念白,棠姜,你自己起来吧。,棠姜（白）你自己起来吧。
pdf_01000000__01005012___3a15b05878,海潮珠,pdf_01000000__01005012___3a15b05878__line__000043,pdf_01000000__01005012___3a15b05878__scene__004,01005012_海潮珠.pdf,D:\University_studies\Junior\data_visualization\experiment\final_self\opera_dataset\01000000\01005012_海潮珠.pdf,01000000/01005012_海潮珠.pdf,49bfac8f-ad5c-4639-829d-be1bd24f8504,4,【第四场】,43,dialogue,dialogue,崔杼,pdf_01000000__01005012___3a15b05878__char__0fd66493c8,白,白,白,来；搀；念白,崔杼,你搀我来。,崔杼（白）你搀我来。
pdf_01000000__01005012___3a15b05878,海潮珠,pdf_01000000__01005012___3a15b05878__line__000043,pdf_01000000__01005012___3a15b05878__scene__004,01005012_海潮珠.pdf,D:\University_studies\Junior\data_visualization\experiment\final_self\opera_dataset\01000000\01005012_海潮珠.pdf,01000000/01005012_海潮珠.pdf,49bfac8f-ad5c-4639-829d-be1bd24f8504,4,【第四场】,43,dialogue,dialogue,棠姜,pdf_01000000__01005012___3a15b05878__char__0cb0a943f9,白,白,白,念白,棠姜,为你可就累死我了。,棠姜（白）为你可就累死我了。
pdf_01000000__01005012___3a15b05878,海潮珠,pdf_01000000__01005012___3a15b05878__line__000043,pdf_01000000__01005012___3a15b05878__scene__004,01005012_海潮珠.pdf,D:\University_studies\Junior\data_visualization\experiment\final_self\opera_dataset\01000000\01005012_海潮珠.pdf,01000000/01005012_海潮珠.pdf,49bfac8f-ad5c-4639-829d-be1bd24f8504,4,【第四场】,43,dialogue,dialogue,崔杼,pdf_01000000__01005012___3a15b05878__char__0fd66493c8,白,白,白,念白,崔杼,哦哦。,崔杼（白）哦哦。
pdf_01000000__01005012___3a15b05878,海潮珠,pdf_01000000__01005012___3a15b05878__line__000043,pdf_01000000__01005012___3a15b05878__scene__004,01005012_海潮珠.pdf,D:\University_studies\Junior\data_visualization\experiment\final_self\opera_dataset\01000000\01005012_海潮珠.pdf,01000000/01005012_海潮珠.pdf,49bfac8f-ad5c-4639-829d-be1bd24f8504,4,【第四场】,43,dialogue,dialogue,棠姜,pdf_01000000__01005012___3a15b05878__char__0cb0a943f9,白,白,白,下；念白,棠姜,"哎,老爷若是亡故,撇下为妻,倚靠何人?","棠姜（白）哎,老爷若是亡故,撇下为妻,倚靠何人?"
pdf_01000000__01005012___3a15b05878,海潮珠,pdf_01000000__01005012___3a15b05878__line__000043,pdf_01000000__01005012___3a15b05878__scene__004,01005012_海潮珠.pdf,D:\University_studies\Junior\data_visualization\experiment\final_self\opera_dataset\01000000\01005012_海潮珠.pdf,01000000/01005012_海潮珠.pdf,49bfac8f-ad5c-4639-829d-be1bd24f8504,4,【第四场】,43,dialogue,dialogue,崔杼,pdf_01000000__01005012___3a15b05878__char__0fd66493c8,白,白,白,念白,崔杼,哦哦。,崔杼（白）哦哦。
pdf_01000000__01005012___3a15b05878,海潮珠,pdf_01000000__01005012___3a15b05878__line__000043,pdf_01000000__01005012___3a15b05878__scene__004,01005012_海潮珠.pdf,D:\University_studies\Junior\data_visualization\experiment\final_self\opera_dataset\01000000\01005012_海潮珠.pdf,01000000/01005012_海潮珠.pdf,49bfac8f-ad5c-4639-829d-be1bd24f8504,4,【第四场】,43,dialogue,dialogue,棠姜,pdf_01000000__01005012___3a15b05878__char__0cb0a943f9,白,白,白,立；念白,棠姜,"倘若老爷死后,为妻与你守节立志。","棠姜（白）倘若老爷死后,为妻与你守节立志。"
pdf_01000000__01005012___3a15b05878,海潮珠,pdf_01000000__01005012___3a15b05878__line__000043,pdf_01000000__01005012___3a15b05878__scene__004,01005012_海潮珠.pdf,D:\University_studies\Junior\data_visualization\experiment\final_self\opera_dataset\01000000\01005012_海潮珠.pdf,01000000/01005012_海潮珠.pdf,49bfac8f-ad5c-4639-829d-be1bd24f8504,4,【第四场】,43,dialogue,dialogue,崔杼,pdf_01000000__01005012___3a15b05878__char__0fd66493c8,白,白,白,念白,崔杼,你不能。,崔杼（白）你不能。
pdf_01000000__01005012___3a15b05878,海潮珠,pdf_01000000__01005012___3a15b05878__line__000043,pdf_01000000__01005012___3a15b05878__scene__004,01005012_海潮珠.pdf,D:\University_studies\Junior\data_visualization\experiment\final_self\opera_dataset\01000000\01005012_海潮珠.pdf,01000000/01005012_海潮珠.pdf,49bfac8f-ad5c-4639-829d-be1bd24f8504,4,【第四场】,43,dialogue,dialogue,棠姜,pdf_01000000__01005012___3a15b05878__char__0cb0a943f9,白,白,白,念白,棠姜,我一定。,棠姜（白）我一定。
pdf_01000000__01005012___3a15b05878,海潮珠,pdf_01000000__01005012___3a15b05878__line__000045,pdf_01000000__01005012___3a15b05878__scene__004,01005012_海潮珠.pdf,D:\University_studies\Junior\data_visualization\experiment\final_self\opera_dataset\01000000\01005012_海潮珠.pdf,01000000/01005012_海潮珠.pdf,49bfac8f-ad5c-4639-829d-be1bd24f8504,4,【第四场】,45,dialogue,dialogue,崔杼,pdf_01000000__01005012___3a15b05878__char__0fd66493c8,白,白,白,念白,崔杼,你不能。,崔杼（白）你不能。
pdf_01000000__01005012___3a15b05878,海潮珠,pdf_01000000__01005012___3a15b05878__line__000047,pdf_01000000__01005012___3a15b05878__scene__004,01005012_海潮珠.pdf,D:\University_studies\Junior\data_visualization\experiment\final_self\opera_dataset\01000000\01005012_海潮珠.pdf,01000000/01005012_海潮珠.pdf,49bfac8f-ad5c-4639-829d-be1bd24f8504,4,【第四场】,47,stage_direction,stage_direction,,,齐王、太监、大夫、四龙套同上。,做,齐王、太监、大夫、四龙套同上。,上,四龙套；太监；龙套；齐王,,（齐王、太监、大夫、四龙套同上。）
pdf_01000000__01005012___3a15b05878,海潮珠,pdf_01000000__01005012___3a15b05878__line__000049,pdf_01000000__01005012___3a15b05878__scene__004,01005012_海潮珠.pdf,D:\University_studies\Junior\data_visualization\experiment\final_self\opera_dataset\01000000\01005012_海潮珠.pdf,01000000/01005012_海潮珠.pdf,49bfac8f-ad5c-4639-829d-be1bd24f8504,4,【第四场】,49,dialogue,dialogue,齐王,pdf_01000000__01005012___3a15b05878__char__b7d8f33666,唱,唱,唱,进；来；去；传；禀,齐王,"内侍进府去传禀,就说孤王驾来临。","齐王（唱）内侍进府去传禀,就说孤王驾来临。"
pdf_01000000__01005012___3a15b05878,海潮珠,pdf_01000000__01005012___3a15b05878__line__000049,pdf_01000000__01005012___3a15b05878__scene__004,01005012_海潮珠.pdf,D:\University_studies\Junior\data_visualization\experiment\final_self\opera_dataset\01000000\01005012_海潮珠.pdf,01000000/01005012_海潮珠.pdf,49bfac8f-ad5c-4639-829d-be1bd24f8504,4,【第四场】,49,dialogue,dialogue,大夫,pdf_01000000__01005012___3a15b05878__char__87fe33e510,白,白,白,念白,大夫,为臣告假。,大夫（白）为臣告假。
pdf_01000000__01005012___3a15b05878,海潮珠,pdf_01000000__01005012___3a15b05878__line__000049,pdf_01000000__01005012___3a15b05878__scene__004,01005012_海潮珠.pdf,D:\University_studies\Junior\data_visualization\experiment\final_self\opera_dataset\01000000\01005012_海潮珠.pdf,01000000/01005012_海潮珠.pdf,49bfac8f-ad5c-4639-829d-be1bd24f8504,4,【第四场】,49,dialogue,dialogue,齐王,pdf_01000000__01005012___3a15b05878__char__b7d8f33666,白,白,白,念白,齐王,为何?,齐王（白）为何?
pdf_01000000__01005012___3a15b05878,海潮珠,pdf_01000000__01005012___3a15b05878__line__000049,pdf_01000000__01005012___3a15b05878__scene__004,01005012_海潮珠.pdf,D:\University_studies\Junior\data_visualization\experiment\final_self\opera_dataset\01000000\01005012_海潮珠.pdf,01000000/01005012_海潮珠.pdf,49bfac8f-ad5c-4639-829d-be1bd24f8504,4,【第四场】,49,dialogue,dialogue,大夫,pdf_01000000__01005012___3a15b05878__char__87fe33e510,白,白,白,去；念白,大夫,前去观花。,大夫（白）前去观花。
pdf_01000000__01005012___3a15b05878,海潮珠,pdf_01000000__01005012___3a15b05878__line__000049,pdf_01000000__01005012___3a15b05878__scene__004,01005012_海潮珠.pdf,D:\University_studies\Junior\data_visualization\experiment\final_self\opera_dataset\01000000\01005012_海潮珠.pdf,01000000/01005012_海潮珠.pdf,49bfac8f-ad5c-4639-829d-be1bd24f8504,4,【第四场】,49,dialogue,dialogue,太监,pdf_01000000__01005012___3a15b05878__char__20b74380ff,白,白,白,去；念白,太监,我也去。,太监（白）我也去。
pdf_01000000__01005012___3a15b05878,海潮珠,pdf_01000000__01005012___3a15b05878__line__000049,pdf_01000000__01005012___3a15b05878__scene__004,01005012_海潮珠.pdf,D:\University_studies\Junior\data_visualization\experiment\final_self\opera_dataset\01000000\01005012_海潮珠.pdf,01000000/01005012_海潮珠.pdf,49bfac8f-ad5c-4639-829d-be1bd24f8504,4,【第四场】,49,dialogue,dialogue,齐王,pdf_01000000__01005012___3a15b05878__char__b7d8f33666,白,白,白,去；念白,齐王,去去去!,齐王（白）去去去!
pdf_01000000__01005012___3a15b05878,海潮珠,pdf_01000000__01005012___3a15b05878__line__000051,pdf_01000000__01005012___3a15b05878__scene__004,01005012_海潮珠.pdf,D:\University_studies\Junior\data_visualization\experiment\final_self\opera_dataset\01000000\01005012_海潮珠.pdf,01000000/01005012_海潮珠.pdf,49bfac8f-ad5c-4639-829d-be1bd24f8504,4,【第四场】,51,stage_direction,stage_direction,,,大夫、太监同下。,做,大夫、太监同下。,下,太监,,（大夫、太监同下。）
pdf_01000000__01005012___3a15b05878,海潮珠,pdf_01000000__01005012___3a15b05878__line__000053,pdf_01000000__01005012___3a15b05878__scene__004,01005012_海潮珠.pdf,D:\University_studies\Junior\data_visualization\experiment\final_self\opera_dataset\01000000\01005012_海潮珠.pdf,01000000/01005012_海潮珠.pdf,49bfac8f-ad5c-4639-829d-be1bd24f8504,4,【第四场】,53,narration,narration,,,,说明,,上,龙套,<table><tr><td>龙套甲</td><td>(白)</td><td>门上哪位在?</td></tr></table>,<table><tr><td>龙套甲</td><td>(白)</td><td>门上哪位在?</td></tr></table>
pdf_01000000__01005012___3a15b05878,海潮珠,pdf_01000000__01005012___3a15b05878__line__000055,pdf_01000000__01005012___3a15b05878__scene__004,01005012_海潮珠.pdf,D:\University_studies\Junior\data_visualization\experiment\final_self\opera_dataset\01000000\01005012_海潮珠.pdf,01000000/01005012_海潮珠.pdf,49bfac8f-ad5c-4639-829d-be1bd24f8504,4,【第四场】,55,stage_direction,stage_direction,,,家院上。,做,家院上。,上,家院,,（家院上。）
pdf_01000000__01005012___3a15b05878,海潮珠,pdf_01000000__01005012___3a15b05878__line__000057,pdf_01000000__01005012___3a15b05878__scene__004,01005012_海潮珠.pdf,D:\University_studies\Junior\data_visualization\experiment\final_self\opera_dataset\01000000\01005012_海潮珠.pdf,01000000/01005012_海潮珠.pdf,49bfac8f-ad5c-4639-829d-be1bd24f8504,4,【第四场】,57,dialogue,dialogue,家院,pdf_01000000__01005012___3a15b05878__char__34d037d401,白,白,白,念白,家院,何事?,家院（白）何事?
pdf_01000000__01005012___3a15b05878,海潮珠,pdf_01000000__01005012___3a15b05878__line__000057,pdf_01000000__01005012___3a15b05878__scene__004,01005012_海潮珠.pdf,D:\University_studies\Junior\data_visualization\experiment\final_self\opera_dataset\01000000\01005012_海潮珠.pdf,01000000/01005012_海潮珠.pdf,49bfac8f-ad5c-4639-829d-be1bd24f8504,4,【第四场】,57,dialogue,dialogue,龙套甲,pdf_01000000__01005012___3a15b05878__char__3e03af050e,白,白,白,念白,龙套甲；龙套,大王过府探病。,龙套甲（白）大王过府探病。
pdf_01000000__01005012___3a15b05878,海潮珠,pdf_01000000__01005012___3a15b05878__line__000057,pdf_01000000__01005012___3a15b05878__scene__004,01005012_海潮珠.pdf,D:\University_studies\Junior\data_visualization\experiment\final_self\opera_dataset\01000000\01005012_海潮珠.pdf,01000000/01005012_海潮珠.pdf,49bfac8f-ad5c-4639-829d-be1bd24f8504,4,【第四场】,57,dialogue,dialogue,崔杼,pdf_01000000__01005012___3a15b05878__char__0fd66493c8,白,白,白,念白,崔杼,"为臣身有重病,不能迎接大王。","崔杼（白）为臣身有重病,不能迎接大王。"
pdf_01000000__01005012___3a15b05878,海潮珠,pdf_01000000__01005012___3a15b05878__line__000057,pdf_01000000__01005012___3a15b05878__scene__004,01005012_海潮珠.pdf,D:\University_studies\Junior\data_visualization\experiment\final_self\opera_dataset\01000000\01005012_海潮珠.pdf,01000000/01005012_海潮珠.pdf,49bfac8f-ad5c-4639-829d-be1bd24f8504,4,【第四场】,57,dialogue,dialogue,棠姜,pdf_01000000__01005012___3a15b05878__char__0cb0a943f9,白,白,白,念白,棠姜,"老爷身有病症,不能迎接大王。为妻倒也迎得。","棠姜（白）老爷身有病症,不能迎接大王。为妻倒也迎得。"
pdf_01000000__01005012___3a15b05878,海潮珠,pdf_01000000__01005012___3a15b05878__line__000057,pdf_01000000__01005012___3a15b05878__scene__004,01005012_海潮珠.pdf,D:\University_studies\Junior\data_visualization\experiment\final_self\opera_dataset\01000000\01005012_海潮珠.pdf,01000000/01005012_海潮珠.pdf,49bfac8f-ad5c-4639-829d-be1bd24f8504,4,【第四场】,57,dialogue,dialogue,崔杼,pdf_01000000__01005012___3a15b05878__char__0fd66493c8,白,白,白,道；念白,崔杼,"你是妇道人家,如何迎得?","崔杼（白）你是妇道人家,如何迎得?"
pdf_01000000__01005012___3a15b05878,海潮珠,pdf_01000000__01005012___3a15b05878__line__000057,pdf_01000000__01005012___3a15b05878__scene__004,01005012_海潮珠.pdf,D:\University_studies\Junior\data_visualization\experiment\final_self\opera_dataset\01000000\01005012_海潮珠.pdf,01000000/01005012_海潮珠.pdf,49bfac8f-ad5c-4639-829d-be1bd24f8504,4,【第四场】,57,dialogue,dialogue,棠姜,pdf_01000000__01005012___3a15b05878__char__0cb0a943f9,白,白,白,念白,棠姜,"为妻受过三次诰封,可以迎得。","棠姜（白）为妻受过三次诰封,可以迎得。"
pdf_01000000__01005012___3a15b05878,海潮珠,pdf_01000000__01005012___3a15b05878__line__000057,pdf_01000000__01005012___3a15b05878__scene__004,01005012_海潮珠.pdf,D:\University_studies\Junior\data_visualization\experiment\final_self\opera_dataset\01000000\01005012_海潮珠.pdf,01000000/01005012_海潮珠.pdf,49bfac8f-ad5c-4639-829d-be1bd24f8504,4,【第四场】,57,dialogue,dialogue,崔杼,pdf_01000000__01005012___3a15b05878__char__0fd66493c8,白,白,白,念白,崔杼,迎不得,崔杼（白）迎不得
pdf_01000000__01005012___3a15b05878,海潮珠,pdf_01000000__01005012___3a15b05878__line__000057,pdf_01000000__01005012___3a15b05878__scene__004,01005012_海潮珠.pdf,D:\University_studies\Junior\data_visualization\experiment\final_self\opera_dataset\01000000\01005012_海潮珠.pdf,01000000/01005012_海潮珠.pdf,49bfac8f-ad5c-4639-829d-be1bd24f8504,4,【第四场】,57,dialogue,dialogue,棠姜,pdf_01000000__01005012___3a15b05878__char__0cb0a943f9,白,白,白,念白,棠姜,迎得。,棠姜（白）迎得。
pdf_01000000__01005012___3a15b05878,海潮珠,pdf_01000000__01005012___3a15b05878__line__000057,pdf_01000000__01005012___3a15b05878__scene__004,01005012_海潮珠.pdf,D:\University_studies\Junior\data_visualization\experiment\final_self\opera_dataset\01000000\01005012_海潮珠.pdf,01000000/01005012_海潮珠.pdf,49bfac8f-ad5c-4639-829d-be1bd24f8504,4,【第四场】,57,dialogue,dialogue,崔杼,pdf_01000000__01005012___3a15b05878__char__0fd66493c8,白,白,白,念白,崔杼,迎不得。,崔杼（白）迎不得。
pdf_01000000__01005012___3a15b05878,海潮珠,pdf_01000000__01005012___3a15b05878__line__000057,pdf_01000000__01005012___3a15b05878__scene__004,01005012_海潮珠.pdf,D:\University_studies\Junior\data_visualization\experiment\final_self\opera_dataset\01000000\01005012_海潮珠.pdf,01000000/01005012_海潮珠.pdf,49bfac8f-ad5c-4639-829d-be1bd24f8504,4,【第四场】,57,dialogue,dialogue,棠姜,pdf_01000000__01005012___3a15b05878__char__0cb0a943f9,白,白,白,念白,棠姜,"迎得迎得,迎得。","棠姜（白）迎得迎得,迎得。"
pdf_01000000__01005012___3a15b05878,海潮珠,pdf_01000000__01005012___3a15b05878__line__000057,pdf_01000000__01005012___3a15b05878__scene__004,01005012_海潮珠.pdf,D:\University_studies\Junior\data_visualization\experiment\final_self\opera_dataset\01000000\01005012_海潮珠.pdf,01000000/01005012_海潮珠.pdf,49bfac8f-ad5c-4639-829d-be1bd24f8504,4,【第四场】,57,dialogue,dialogue,崔杼,pdf_01000000__01005012___3a15b05878__char__0fd66493c8,白,白,白,念白,崔杼,如此你与我迎、迎、迎。,崔杼（白）如此你与我迎、迎、迎。
pdf_01000000__01005012___3a15b05878,海潮珠,pdf_01000000__01005012___3a15b05878__line__000057,pdf_01000000__01005012___3a15b05878__scene__004,01005012_海潮珠.pdf,D:\University_studies\Junior\data_visualization\experiment\final_self\opera_dataset\01000000\01005012_海潮珠.pdf,01000000/01005012_海潮珠.pdf,49bfac8f-ad5c-4639-829d-be1bd24f8504,4,【第四场】,57,dialogue,dialogue,棠姜,pdf_01000000__01005012___3a15b05878__char__0cb0a943f9,白,白,白,念白,棠姜,好吓。,棠姜（白）好吓。
pdf_01000000__01005012___3a15b05878,海潮珠,pdf_01000000__01005012___3a15b05878__line__000059,pdf_01000000__01005012___3a15b05878__scene__004,01005012_海潮珠.pdf,D:\University_studies\Junior\data_visualization\experiment\final_self\opera_dataset\01000000\01005012_海潮珠.pdf,01000000/01005012_海潮珠.pdf,49bfac8f-ad5c-4639-829d-be1bd24f8504,4,【第四场】,59,lyric,lyric,齐王,pdf_01000000__01005012___3a15b05878__char__b7d8f33666,西皮摇板,唱,西皮摇板,叫；唱段,齐王,"叫声梓童莫高声,","齐王（西皮摇板）叫声梓童莫高声,"
pdf_01000000__01005012___3a15b05878,海潮珠,pdf_01000000__01005012___3a15b05878__line__000063,pdf_01000000__01005012___3a15b05878__scene__004,01005012_海潮珠.pdf,D:\University_studies\Junior\data_visualization\experiment\final_self\opera_dataset\01000000\01005012_海潮珠.pdf,01000000/01005012_海潮珠.pdf,49bfac8f-ad5c-4639-829d-be1bd24f8504,4,【第四场】,63,narration,narration,,,,说明,,,棠姜,"<table><tr><td>棠姜</td><td>(西皮原板)</td><td>叩罢头,谢恩情,谢过了大王把我封。</td></tr></table>","<table><tr><td>棠姜</td><td>(西皮原板)</td><td>叩罢头,谢恩情,谢过了大王把我封。</td></tr></table>"
pdf_01000000__01005012___3a15b05878,海潮珠,pdf_01000000__01005012___3a15b05878__line__000065,pdf_01000000__01005012___3a15b05878__scene__004,01005012_海潮珠.pdf,D:\University_studies\Junior\data_visualization\experiment\final_self\opera_dataset\01000000\01005012_海潮珠.pdf,01000000/01005012_海潮珠.pdf,49bfac8f-ad5c-4639-829d-be1bd24f8504,4,【第四场】,65,narration,narration,,,,说明,,进；去,齐王,"<table><tr><td>齐王</td><td>(西皮原板)</td><td>手挽手儿进府去,再对卿家说分明:卿家得的什么病,快对孤王说从头。</td></tr></table>","<table><tr><td>齐王</td><td>(西皮原板)</td><td>手挽手儿进府去,再对卿家说分明:卿家得的什么病,快对孤王说从头。</td></tr></table>"
pdf_01000000__01005012___3a15b05878,海潮珠,pdf_01000000__01005012___3a15b05878__line__000067,pdf_01000000__01005012___3a15b05878__scene__004,01005012_海潮珠.pdf,D:\University_studies\Junior\data_visualization\experiment\final_self\opera_dataset\01000000\01005012_海潮珠.pdf,01000000/01005012_海潮珠.pdf,49bfac8f-ad5c-4639-829d-be1bd24f8504,4,【第四场】,67,dialogue,dialogue,崔杼,pdf_01000000__01005012___3a15b05878__char__0fd66493c8,双西皮导板,对白,双西皮导板,,崔杼,"有崔子身有病不能迎驾,","崔杼（双西皮导板）有崔子身有病不能迎驾,"
pdf_01000000__01005012___3a15b05878,海潮珠,pdf_01000000__01005012___3a15b05878__line__000069,pdf_01000000__01005012___3a15b05878__scene__004,01005012_海潮珠.pdf,D:\University_studies\Junior\data_visualization\experiment\final_self\opera_dataset\01000000\01005012_海潮珠.pdf,01000000/01005012_海潮珠.pdf,49bfac8f-ad5c-4639-829d-be1bd24f8504,4,【第四场】,69,dialogue,dialogue,棠姜,pdf_01000000__01005012___3a15b05878__char__0cb0a943f9,白,白,白,念白,棠姜,"晓得了,哎哎。","棠姜（白）晓得了,哎哎。"
pdf_01000000__01005012___3a15b05878,海潮珠,pdf_01000000__01005012___3a15b05878__line__000069,pdf_01000000__01005012___3a15b05878__scene__004,01005012_海潮珠.pdf,D:\University_studies\Junior\data_visualization\experiment\final_self\opera_dataset\01000000\01005012_海潮珠.pdf,01000000/01005012_海潮珠.pdf,49bfac8f-ad5c-4639-829d-be1bd24f8504,4,【第四场】,69,dialogue,dialogue,崔杼,pdf_01000000__01005012___3a15b05878__char__0fd66493c8,白,白,白,念白,崔杼,特。,崔杼（白）特。
pdf_01000000__01005012___3a15b05878,海潮珠,pdf_01000000__01005012___3a15b05878__line__000073,pdf_01000000__01005012___3a15b05878__scene__004,01005012_海潮珠.pdf,D:\University_studies\Junior\data_visualization\experiment\final_self\opera_dataset\01000000\01005012_海潮珠.pdf,01000000/01005012_海潮珠.pdf,49bfac8f-ad5c-4639-829d-be1bd24f8504,4,【第四场】,73,dialogue,dialogue,棠姜,pdf_01000000__01005012___3a15b05878__char__0cb0a943f9,白,白,白,下；念白,棠姜,床下有风。,棠姜（白）床下有风。
pdf_01000000__01005012___3a15b05878,海潮珠,pdf_01000000__01005012___3a15b05878__line__000073,pdf_01000000__01005012___3a15b05878__scene__004,01005012_海潮珠.pdf,D:\University_studies\Junior\data_visualization\experiment\final_self\opera_dataset\01000000\01005012_海潮珠.pdf,01000000/01005012_海潮珠.pdf,49bfac8f-ad5c-4639-829d-be1bd24f8504,4,【第四场】,73,dialogue,dialogue,崔杼,pdf_01000000__01005012___3a15b05878__char__0fd66493c8,白,白,白,念白,崔杼,我不怕风了。,崔杼（白）我不怕风了。
pdf_01000000__01005012___3a15b05878,海潮珠,pdf_01000000__01005012___3a15b05878__line__000073,pdf_01000000__01005012___3a15b05878__scene__004,01005012_海潮珠.pdf,D:\University_studies\Junior\data_visualization\experiment\final_self\opera_dataset\01000000\01005012_海潮珠.pdf,01000000/01005012_海潮珠.pdf,49bfac8f-ad5c-4639-829d-be1bd24f8504,4,【第四场】,73,dialogue,dialogue,齐王,pdf_01000000__01005012___3a15b05878__char__b7d8f33666,白,白,白,念白,齐王,"卿家若是你死了,你妻有孤照应。","齐王（白）卿家若是你死了,你妻有孤照应。"
pdf_01000000__01005012___3a15b05878,海潮珠,pdf_01000000__01005012___3a15b05878__line__000073,pdf_01000000__01005012___3a15b05878__scene__004,01005012_海潮珠.pdf,D:\University_studies\Junior\data_visualization\experiment\final_self\opera_dataset\01000000\01005012_海潮珠.pdf,01000000/01005012_海潮珠.pdf,49bfac8f-ad5c-4639-829d-be1bd24f8504,4,【第四场】,73,dialogue,dialogue,棠姜,pdf_01000000__01005012___3a15b05878__char__0cb0a943f9,白,白,白,下；念白,棠姜,"着吓,撇下为妻,有大王照应。","棠姜（白）着吓,撇下为妻,有大王照应。"
pdf_01000000__01005012___3a15b05878,海潮珠,pdf_01000000__01005012___3a15b05878__line__000073,pdf_01000000__01005012___3a15b05878__scene__004,01005012_海潮珠.pdf,D:\University_studies\Junior\data_visualization\experiment\final_self\opera_dataset\01000000\01005012_海潮珠.pdf,01000000/01005012_海潮珠.pdf,49bfac8f-ad5c-4639-829d-be1bd24f8504,4,【第四场】,73,dialogue,dialogue,崔杼,pdf_01000000__01005012___3a15b05878__char__0fd66493c8,白,白,白,念白,崔杼,不要你多言。,崔杼（白）不要你多言。
pdf_01000000__01005012___3a15b05878,海潮珠,pdf_01000000__01005012___3a15b05878__line__000073,pdf_01000000__01005012___3a15b05878__scene__004,01005012_海潮珠.pdf,D:\University_studies\Junior\data_visualization\experiment\final_self\opera_dataset\01000000\01005012_海潮珠.pdf,01000000/01005012_海潮珠.pdf,49bfac8f-ad5c-4639-829d-be1bd24f8504,4,【第四场】,73,lyric,lyric,齐王,pdf_01000000__01005012___3a15b05878__char__b7d8f33666,西皮摇板,唱,西皮摇板,请；唱段,齐王,"卿家但把心放定,孤王与你请名医。","齐王（西皮摇板）卿家但把心放定,孤王与你请名医。"
pdf_01000000__01005012___3a15b05878,海潮珠,pdf_01000000__01005012___3a15b05878__line__000073,pdf_01000000__01005012___3a15b05878__scene__004,01005012_海潮珠.pdf,D:\University_studies\Junior\data_visualization\experiment\final_self\opera_dataset\01000000\01005012_海潮珠.pdf,01000000/01005012_海潮珠.pdf,49bfac8f-ad5c-4639-829d-be1bd24f8504,4,【第四场】,73,dialogue,dialogue,崔杼,pdf_01000000__01005012___3a15b05878__char__0fd66493c8,白,白,白,念白,崔杼,"为臣身得重病,不能送驾大王。","崔杼（白）为臣身得重病,不能送驾大王。"
pdf_01000000__01005012___3a15b05878,海潮珠,pdf_01000000__01005012___3a15b05878__line__000073,pdf_01000000__01005012___3a15b05878__scene__004,01005012_海潮珠.pdf,D:\University_studies\Junior\data_visualization\experiment\final_self\opera_dataset\01000000\01005012_海潮珠.pdf,01000000/01005012_海潮珠.pdf,49bfac8f-ad5c-4639-829d-be1bd24f8504,4,【第四场】,73,dialogue,dialogue,齐王,pdf_01000000__01005012___3a15b05878__char__b7d8f33666,白,白,白,念白,齐王,"不用你送,不用你送。","齐王（白）不用你送,不用你送。"
pdf_01000000__01005012___3a15b05878,海潮珠,pdf_01000000__01005012___3a15b05878__line__000073,pdf_01000000__01005012___3a15b05878__scene__004,01005012_海潮珠.pdf,D:\University_studies\Junior\data_visualization\experiment\final_self\opera_dataset\01000000\01005012_海潮珠.pdf,01000000/01005012_海潮珠.pdf,49bfac8f-ad5c-4639-829d-be1bd24f8504,4,【第四场】,73,dialogue,dialogue,棠姜,pdf_01000000__01005012___3a15b05878__char__0cb0a943f9,白,白,白,念白,棠姜,"老爷身得重病,不能送驾,为妻倒也送得。","棠姜（白）老爷身得重病,不能送驾,为妻倒也送得。"
pdf_01000000__01005012___3a15b05878,海潮珠,pdf_01000000__01005012___3a15b05878__line__000073,pdf_01000000__01005012___3a15b05878__scene__004,01005012_海潮珠.pdf,D:\University_studies\Junior\data_visualization\experiment\final_self\opera_dataset\01000000\01005012_海潮珠.pdf,01000000/01005012_海潮珠.pdf,49bfac8f-ad5c-4639-829d-be1bd24f8504,4,【第四场】,73,dialogue,dialogue,崔杼,pdf_01000000__01005012___3a15b05878__char__0fd66493c8,白,白,白,道；念白,崔杼,"你妇道人家,如何送得?","崔杼（白）你妇道人家,如何送得?"
pdf_01000000__01005012___3a15b05878,海潮珠,pdf_01000000__01005012___3a15b05878__line__000073,pdf_01000000__01005012___3a15b05878__scene__004,01005012_海潮珠.pdf,D:\University_studies\Junior\data_visualization\experiment\final_self\opera_dataset\01000000\01005012_海潮珠.pdf,01000000/01005012_海潮珠.pdf,49bfac8f-ad5c-4639-829d-be1bd24f8504,4,【第四场】,73,dialogue,dialogue,棠姜,pdf_01000000__01005012___3a15b05878__char__0cb0a943f9,白,白,白,念白,棠姜,方才迎得就送得。,棠姜（白）方才迎得就送得。
pdf_01000000__01005012___3a15b05878,海潮珠,pdf_01000000__01005012___3a15b05878__line__000073,pdf_01000000__01005012___3a15b05878__scene__004,01005012_海潮珠.pdf,D:\University_studies\Junior\data_visualization\experiment\final_self\opera_dataset\01000000\01005012_海潮珠.pdf,01000000/01005012_海潮珠.pdf,49bfac8f-ad5c-4639-829d-be1bd24f8504,4,【第四场】,73,dialogue,dialogue,崔杼,pdf_01000000__01005012___3a15b05878__char__0fd66493c8,白,白,白,念白,崔杼,送不得。,崔杼（白）送不得。
pdf_01000000__01005012___3a15b05878,海潮珠,pdf_01000000__01005012___3a15b05878__line__000073,pdf_01000000__01005012___3a15b05878__scene__004,01005012_海潮珠.pdf,D:\University_studies\Junior\data_visualization\experiment\final_self\opera_dataset\01000000\01005012_海潮珠.pdf,01000000/01005012_海潮珠.pdf,49bfac8f-ad5c-4639-829d-be1bd24f8504,4,【第四场】,73,dialogue,dialogue,棠姜,pdf_01000000__01005012___3a15b05878__char__0cb0a943f9,白,白,白,念白,棠姜,送得。,棠姜（白）送得。
pdf_01000000__01005012___3a15b05878,海潮珠,pdf_01000000__01005012___3a15b05878__line__000073,pdf_01000000__01005012___3a15b05878__scene__004,01005012_海潮珠.pdf,D:\University_studies\Junior\data_visualization\experiment\final_self\opera_dataset\01000000\01005012_海潮珠.pdf,01000000/01005012_海潮珠.pdf,49bfac8f-ad5c-4639-829d-be1bd24f8504,4,【第四场】,73,dialogue,dialogue,崔杼,pdf_01000000__01005012___3a15b05878__char__0fd66493c8,白,白,白,念白,崔杼,送不得。,崔杼（白）送不得。
pdf_01000000__01005012___3a15b05878,海潮珠,pdf_01000000__01005012___3a15b05878__line__000073,pdf_01000000__01005012___3a15b05878__scene__004,01005012_海潮珠.pdf,D:\University_studies\Junior\data_visualization\experiment\final_self\opera_dataset\01000000\01005012_海潮珠.pdf,01000000/01005012_海潮珠.pdf,49bfac8f-ad5c-4639-829d-be1bd24f8504,4,【第四场】,73,dialogue,dialogue,棠姜,pdf_01000000__01005012___3a15b05878__char__0cb0a943f9,白,白,白,念白,棠姜,送得送得。,棠姜（白）送得送得。
pdf_01000000__01005012___3a15b05878,海潮珠,pdf_01000000__01005012___3a15b05878__line__000073,pdf_01000000__01005012___3a15b05878__scene__004,01005012_海潮珠.pdf,D:\University_studies\Junior\data_visualization\experiment\final_self\opera_dataset\01000000\01005012_海潮珠.pdf,01000000/01005012_海潮珠.pdf,49bfac8f-ad5c-4639-829d-be1bd24f8504,4,【第四场】,73,dialogue,dialogue,崔杼,pdf_01000000__01005012___3a15b05878__char__0fd66493c8,白,白,白,念白,崔杼,如此你与我送、送、送。,崔杼（白）如此你与我送、送、送。
pdf_01000000__01005012___3a15b05878,海潮珠,pdf_01000000__01005012___3a15b05878__line__000073,pdf_01000000__01005012___3a15b05878__scene__004,01005012_海潮珠.pdf,D:\University_studies\Junior\data_visualization\experiment\final_self\opera_dataset\01000000\01005012_海潮珠.pdf,01000000/01005012_海潮珠.pdf,49bfac8f-ad5c-4639-829d-be1bd24f8504,4,【第四场】,73,lyric,lyric,棠姜,pdf_01000000__01005012___3a15b05878__char__0cb0a943f9,西皮快板,唱,西皮快板,来；去；叫；搀；唱段,棠姜,"一见崔子来应允,怎不叫人喜在心。手搀手儿出府去,咱二人到花园前去调情。","棠姜（西皮快板）一见崔子来应允,怎不叫人喜在心。手搀手儿出府去,咱二人到花园前去调情。"
pdf_01000000__01005012___3a15b05878,海潮珠,pdf_01000000__01005012___3a15b05878__line__000073,pdf_01000000__01005012___3a15b05878__scene__004,01005012_海潮珠.pdf,D:\University_studies\Junior\data_visualization\experiment\final_self\opera_dataset\01000000\01005012_海潮珠.pdf,01000000/01005012_海潮珠.pdf,49bfac8f-ad5c-4639-829d-be1bd24f8504,4,【第四场】,73,lyric,lyric,崔杼,pdf_01000000__01005012___3a15b05878__char__0fd66493c8,西皮摇板,唱,西皮摇板,上；来；去；看；立；唱段,崔杼,"站立二堂用目望,他二人到花园前去调情。迈步且把花墙上,他二人来到看分明。","崔杼（西皮摇板）站立二堂用目望,他二人到花园前去调情。迈步且把花墙上,他二人来到看分明。"
pdf_01000000__01005012___3a15b05878,海潮珠,pdf_01000000__01005012___3a15b05878__line__000073,pdf_01000000__01005012___3a15b05878__scene__004,01005012_海潮珠.pdf,D:\University_studies\Junior\data_visualization\experiment\final_self\opera_dataset\01000000\01005012_海潮珠.pdf,01000000/01005012_海潮珠.pdf,49bfac8f-ad5c-4639-829d-be1bd24f8504,4,【第四场】,73,dialogue,dialogue,齐王,pdf_01000000__01005012___3a15b05878__char__b7d8f33666,唱,唱,唱,进；来,齐王,"今日与你来调情,明日接你进宫庭。","齐王（唱）今日与你来调情,明日接你进宫庭。"
pdf_01000000__01005012___3a15b05878,海潮珠,pdf_01000000__01005012___3a15b05878__line__000073,pdf_01000000__01005012___3a15b05878__scene__004,01005012_海潮珠.pdf,D:\University_studies\Junior\data_visualization\experiment\final_self\opera_dataset\01000000\01005012_海潮珠.pdf,01000000/01005012_海潮珠.pdf,49bfac8f-ad5c-4639-829d-be1bd24f8504,4,【第四场】,73,dialogue,dialogue,棠姜,pdf_01000000__01005012___3a15b05878__char__0cb0a943f9,白,白,白,请；念白,棠姜,"我说你这个人吓,哇哇哇!崔子回朝,就该将他斩首。为什么还请太医院,与他疗病?","棠姜（白）我说你这个人吓,哇哇哇!崔子回朝,就该将他斩首。为什么还请太医院,与他疗病?"
pdf_01000000__01005012___3a15b05878,海潮珠,pdf_01000000__01005012___3a15b05878__line__000073,pdf_01000000__01005012___3a15b05878__scene__004,01005012_海潮珠.pdf,D:\University_studies\Junior\data_visualization\experiment\final_self\opera_dataset\01000000\01005012_海潮珠.pdf,01000000/01005012_海潮珠.pdf,49bfac8f-ad5c-4639-829d-be1bd24f8504,4,【第四场】,73,dialogue,dialogue,齐王,pdf_01000000__01005012___3a15b05878__char__b7d8f33666,白,白,白,下；念白,齐王,"我说你这个人吓,嗳嗳嗳!哪里是与他疗病,分明是下付毒药,将他害死,你我不是长久夫妻么。","齐王（白）我说你这个人吓,嗳嗳嗳!哪里是与他疗病,分明是下付毒药,将他害死,你我不是长久夫妻么。"
pdf_01000000__01005012___3a15b05878,海潮珠,pdf_01000000__01005012___3a15b05878__line__000073,pdf_01000000__01005012___3a15b05878__scene__004,01005012_海潮珠.pdf,D:\University_studies\Junior\data_visualization\experiment\final_self\opera_dataset\01000000\01005012_海潮珠.pdf,01000000/01005012_海潮珠.pdf,49bfac8f-ad5c-4639-829d-be1bd24f8504,4,【第四场】,73,dialogue,dialogue,棠姜,pdf_01000000__01005012___3a15b05878__char__0cb0a943f9,白,白,白,念白,棠姜,这就好了。,棠姜（白）这就好了。
pdf_01000000__01005012___3a15b05878,海潮珠,pdf_01000000__01005012___3a15b05878__line__000073,pdf_01000000__01005012___3a15b05878__scene__004,01005012_海潮珠.pdf,D:\University_studies\Junior\data_visualization\experiment\final_self\opera_dataset\01000000\01005012_海潮珠.pdf,01000000/01005012_海潮珠.pdf,49bfac8f-ad5c-4639-829d-be1bd24f8504,4,【第四场】,73,dialogue,dialogue,崔杼,pdf_01000000__01005012___3a15b05878__char__0fd66493c8,白,白,白,念白,崔杼,好贱人!,崔杼（白）好贱人!
pdf_01000000__01005012___3a15b05878,海潮珠,pdf_01000000__01005012___3a15b05878__line__000073,pdf_01000000__01005012___3a15b05878__scene__004,01005012_海潮珠.pdf,D:\University_studies\Junior\data_visualization\experiment\final_self\opera_dataset\01000000\01005012_海潮珠.pdf,01000000/01005012_海潮珠.pdf,49bfac8f-ad5c-4639-829d-be1bd24f8504,4,【第四场】,73,dialogue,dialogue,齐王,pdf_01000000__01005012___3a15b05878__char__b7d8f33666,白,白,白,念白,齐王,卿家这是为何?,齐王（白）卿家这是为何?
pdf_01000000__01005012___3a15b05878,海潮珠,pdf_01000000__01005012___3a15b05878__line__000073,pdf_01000000__01005012___3a15b05878__scene__004,01005012_海潮珠.pdf,D:\University_studies\Junior\data_visualization\experiment\final_self\opera_dataset\01000000\01005012_海潮珠.pdf,01000000/01005012_海潮珠.pdf,49bfac8f-ad5c-4639-829d-be1bd24f8504,4,【第四场】,73,dialogue,dialogue,崔杼,pdf_01000000__01005012___3a15b05878__char__0fd66493c8,白,白,白,念白,崔杼,好昏王!,崔杼（白）好昏王!
pdf_01000000__01005012___3a15b05878,海潮珠,pdf_01000000__01005012___3a15b05878__line__000077,pdf_01000000__01005012___3a15b05878__scene__005,01005012_海潮珠.pdf,D:\University_studies\Junior\data_visualization\experiment\final_self\opera_dataset\01000000\01005012_海潮珠.pdf,01000000/01005012_海潮珠.pdf,49bfac8f-ad5c-4639-829d-be1bd24f8504,5,【第六场】,77,stage_direction,stage_direction,,,崔杼追棠姜同上。,做,崔杼追棠姜同上。,上；追,棠姜；崔杼,,（崔杼追棠姜同上。）
pdf_01000000__01005012___3a15b05878,海潮珠,pdf_01000000__01005012___3a15b05878__line__000079,pdf_01000000__01005012___3a15b05878__scene__005,01005012_海潮珠.pdf,D:\University_studies\Junior\data_visualization\experiment\final_self\opera_dataset\01000000\01005012_海潮珠.pdf,01000000/01005012_海潮珠.pdf,49bfac8f-ad5c-4639-829d-be1bd24f8504,5,【第六场】,79,dialogue,dialogue,棠姜,pdf_01000000__01005012___3a15b05878__char__0cb0a943f9,白,白,白,念白,棠姜,老爷我再也不敢了。,棠姜 （白） 老爷我再也不敢了。
pdf_01000000__01005012___3a15b05878,海潮珠,pdf_01000000__01005012___3a15b05878__line__000081,pdf_01000000__01005012___3a15b05878__scene__005,01005012_海潮珠.pdf,D:\University_studies\Junior\data_visualization\experiment\final_self\opera_dataset\01000000\01005012_海潮珠.pdf,01000000/01005012_海潮珠.pdf,49bfac8f-ad5c-4639-829d-be1bd24f8504,5,【第六场】,81,dialogue,dialogue,崔杼,pdf_01000000__01005012___3a15b05878__char__0fd66493c8,白,白,白,念白,崔杼,好贱人！,崔杼 （白） 好贱人！
pdf_01000000__01005012___3a15b05878,海潮珠,pdf_01000000__01005012___3a15b05878__line__000083,pdf_01000000__01005012___3a15b05878__scene__005,01005012_海潮珠.pdf,D:\University_studies\Junior\data_visualization\experiment\final_self\opera_dataset\01000000\01005012_海潮珠.pdf,01000000/01005012_海潮珠.pdf,49bfac8f-ad5c-4639-829d-be1bd24f8504,5,【第六场】,83,stage_direction,stage_direction,,,崔杼杀棠姜，下。,做,崔杼杀棠姜，下。,下；杀,棠姜；崔杼,,（崔杼杀棠姜，下。）
pdf_01000000__01005012___3a15b05878,海潮珠,pdf_01000000__01005012___3a15b05878__line__000087,pdf_01000000__01005012___3a15b05878__scene__006,01005012_海潮珠.pdf,D:\University_studies\Junior\data_visualization\experiment\final_self\opera_dataset\01000000\01005012_海潮珠.pdf,01000000/01005012_海潮珠.pdf,49bfac8f-ad5c-4639-829d-be1bd24f8504,6,【第七场】,87,stage_direction,stage_direction,,,大夫、太监同上。,做,大夫、太监同上。,上,太监,,（大夫、太监同上。）
pdf_01000000__01005012___3a15b05878,海潮珠,pdf_01000000__01005012___3a15b05878__line__000089,pdf_01000000__01005012___3a15b05878__scene__006,01005012_海潮珠.pdf,D:\University_studies\Junior\data_visualization\experiment\final_self\opera_dataset\01000000\01005012_海潮珠.pdf,01000000/01005012_海潮珠.pdf,49bfac8f-ad5c-4639-829d-be1bd24f8504,6,【第七场】,89,dialogue,dialogue,太监,pdf_01000000__01005012___3a15b05878__char__20b74380ff,白,白,白,念白,太监,这是什么花？,太监 （白） 这是什么花？
pdf_01000000__01005012___3a15b05878,海潮珠,pdf_01000000__01005012___3a15b05878__line__000091,pdf_01000000__01005012___3a15b05878__scene__006,01005012_海潮珠.pdf,D:\University_studies\Junior\data_visualization\experiment\final_self\opera_dataset\01000000\01005012_海潮珠.pdf,01000000/01005012_海潮珠.pdf,49bfac8f-ad5c-4639-829d-be1bd24f8504,6,【第七场】,91,dialogue,dialogue,大夫,pdf_01000000__01005012___3a15b05878__char__87fe33e510,白,白,白,念白,大夫,这是祥玉麟。,大夫 （白） 这是祥玉麟。
pdf_01000000__01005012___3a15b05878,海潮珠,pdf_01000000__01005012___3a15b05878__line__000093,pdf_01000000__01005012___3a15b05878__scene__006,01005012_海潮珠.pdf,D:\University_studies\Junior\data_visualization\experiment\final_self\opera_dataset\01000000\01005012_海潮珠.pdf,01000000/01005012_海潮珠.pdf,49bfac8f-ad5c-4639-829d-be1bd24f8504,6,【第七场】,93,dialogue,dialogue,太监,pdf_01000000__01005012___3a15b05878__char__20b74380ff,白,白,白,念白,太监,为何不抬头？,太监 （白） 为何不抬头？
pdf_01000000__01005012___3a15b05878,海潮珠,pdf_01000000__01005012___3a15b05878__line__000095,pdf_01000000__01005012___3a15b05878__scene__006,01005012_海潮珠.pdf,D:\University_studies\Junior\data_visualization\experiment\final_self\opera_dataset\01000000\01005012_海潮珠.pdf,01000000/01005012_海潮珠.pdf,49bfac8f-ad5c-4639-829d-be1bd24f8504,6,【第七场】,95,dialogue,dialogue,大夫,pdf_01000000__01005012___3a15b05878__char__87fe33e510,白,白,白,念白,大夫,抬头就要死。,大夫 （白） 抬头就要死。
pdf_01000000__01005012___3a15b05878,海潮珠,pdf_01000000__01005012___3a15b05878__line__000097,pdf_01000000__01005012___3a15b05878__scene__006,01005012_海潮珠.pdf,D:\University_studies\Junior\data_visualization\experiment\final_self\opera_dataset\01000000\01005012_海潮珠.pdf,01000000/01005012_海潮珠.pdf,49bfac8f-ad5c-4639-829d-be1bd24f8504,6,【第七场】,97,stage_direction,stage_direction,,,崔杼上。,做,崔杼上。,上,崔杼,,（崔杼上。）
pdf_01000000__01005012___3a15b05878,海潮珠,pdf_01000000__01005012___3a15b05878__line__000099,pdf_01000000__01005012___3a15b05878__scene__006,01005012_海潮珠.pdf,D:\University_studies\Junior\data_visualization\experiment\final_self\opera_dataset\01000000\01005012_海潮珠.pdf,01000000/01005012_海潮珠.pdf,49bfac8f-ad5c-4639-829d-be1bd24f8504,6,【第七场】,99,dialogue,dialogue,崔杼,pdf_01000000__01005012___3a15b05878__char__0fd66493c8,白,白,白,看；念白,崔杼,看剑！,崔杼 （白） 看剑！
pdf_01000000__01005012___3a15b05878,海潮珠,pdf_01000000__01005012___3a15b05878__line__000101,pdf_01000000__01005012___3a15b05878__scene__006,01005012_海潮珠.pdf,D:\University_studies\Junior\data_visualization\experiment\final_self\opera_dataset\01000000\01005012_海潮珠.pdf,01000000/01005012_海潮珠.pdf,49bfac8f-ad5c-4639-829d-be1bd24f8504,6,【第七场】,101,stage_direction,stage_direction,,,崔杼杀太监，太监下。,做,崔杼杀太监，太监下。,下；杀,太监；崔杼,,（崔杼杀太监，太监下。）
pdf_01000000__01005012___3a15b05878,海潮珠,pdf_01000000__01005012___3a15b05878__line__000103,pdf_01000000__01005012___3a15b05878__scene__006,01005012_海潮珠.pdf,D:\University_studies\Junior\data_visualization\experiment\final_self\opera_dataset\01000000\01005012_海潮珠.pdf,01000000/01005012_海潮珠.pdf,49bfac8f-ad5c-4639-829d-be1bd24f8504,6,【第七场】,103,dialogue,dialogue,大夫,pdf_01000000__01005012___3a15b05878__char__87fe33e510,白,白,白,去；念白,大夫,大人往哪里去？,大夫 （白） 大人往哪里去？
pdf_01000000__01005012___3a15b05878,海潮珠,pdf_01000000__01005012___3a15b05878__line__000105,pdf_01000000__01005012___3a15b05878__scene__006,01005012_海潮珠.pdf,D:\University_studies\Junior\data_visualization\experiment\final_self\opera_dataset\01000000\01005012_海潮珠.pdf,01000000/01005012_海潮珠.pdf,49bfac8f-ad5c-4639-829d-be1bd24f8504,6,【第七场】,105,dialogue,dialogue,崔杼,pdf_01000000__01005012___3a15b05878__char__0fd66493c8,白,白,白,进；杀；念白,崔杼,进宫杀院。,崔杼 （白） 进宫杀院。
pdf_01000000__01005012___3a15b05878,海潮珠,pdf_01000000__01005012___3a15b05878__line__000107,pdf_01000000__01005012___3a15b05878__scene__006,01005012_海潮珠.pdf,D:\University_studies\Junior\data_visualization\experiment\final_self\opera_dataset\01000000\01005012_海潮珠.pdf,01000000/01005012_海潮珠.pdf,49bfac8f-ad5c-4639-829d-be1bd24f8504,6,【第七场】,107,dialogue,dialogue,大夫,pdf_01000000__01005012___3a15b05878__char__87fe33e510,白,白,白,念白,大夫,就该保幼主登基。,大夫 （白） 就该保幼主登基。
pdf_01000000__01005012___3a15b05878,海潮珠,pdf_01000000__01005012___3a15b05878__line__000109,pdf_01000000__01005012___3a15b05878__scene__006,01005012_海潮珠.pdf,D:\University_studies\Junior\data_visualization\experiment\final_self\opera_dataset\01000000\01005012_海潮珠.pdf,01000000/01005012_海潮珠.pdf,49bfac8f-ad5c-4639-829d-be1bd24f8504,6,【第七场】,109,dialogue,dialogue,崔杼,pdf_01000000__01005012___3a15b05878__char__0fd66493c8,白,白,白,报；念白,崔杼,怕他弟报兄仇。,崔杼 （白） 怕他弟报兄仇。
pdf_01000000__01005012___3a15b05878,海潮珠,pdf_01000000__01005012___3a15b05878__line__000111,pdf_01000000__01005012___3a15b05878__scene__006,01005012_海潮珠.pdf,D:\University_studies\Junior\data_visualization\experiment\final_self\opera_dataset\01000000\01005012_海潮珠.pdf,01000000/01005012_海潮珠.pdf,49bfac8f-ad5c-4639-829d-be1bd24f8504,6,【第七场】,111,dialogue,dialogue,大夫,pdf_01000000__01005012___3a15b05878__char__87fe33e510,白,白,白,念白,大夫,有老夫担当。,大夫 （白） 有老夫担当。
pdf_01000000__01005012___3a15b05878,海潮珠,pdf_01000000__01005012___3a15b05878__line__000113,pdf_01000000__01005012___3a15b05878__scene__006,01005012_海潮珠.pdf,D:\University_studies\Junior\data_visualization\experiment\final_self\opera_dataset\01000000\01005012_海潮珠.pdf,01000000/01005012_海潮珠.pdf,49bfac8f-ad5c-4639-829d-be1bd24f8504,6,【第七场】,113,dialogue,dialogue,崔杼,pdf_01000000__01005012___3a15b05878__char__0fd66493c8,白,白,白,请；念白,崔杼,全仗大人。大人请。,崔杼 （白） 全仗大人。大人请。
pdf_01000000__01005012___3a15b05878,海潮珠,pdf_01000000__01005012___3a15b05878__line__000115,pdf_01000000__01005012___3a15b05878__scene__006,01005012_海潮珠.pdf,D:\University_studies\Junior\data_visualization\experiment\final_self\opera_dataset\01000000\01005012_海潮珠.pdf,01000000/01005012_海潮珠.pdf,49bfac8f-ad5c-4639-829d-be1bd24f8504,6,【第七场】,115,dialogue,dialogue,大夫,pdf_01000000__01005012___3a15b05878__char__87fe33e510,白,白,白,请；念白,大夫,大人请。,大夫 （白） 大人请。
pdf_01000000__01005012___3a15b05878,海潮珠,pdf_01000000__01005012___3a15b05878__line__000117,pdf_01000000__01005012___3a15b05878__scene__006,01005012_海潮珠.pdf,D:\University_studies\Junior\data_visualization\experiment\final_self\opera_dataset\01000000\01005012_海潮珠.pdf,01000000/01005012_海潮珠.pdf,49bfac8f-ad5c-4639-829d-be1bd24f8504,6,【第七场】,117,stage_direction,stage_direction,,,崔杼、大夫同下。,做,崔杼、大夫同下。,下,崔杼,,（崔杼、大夫同下。）
pdf_01000000__01005012___3a15b05878,海潮珠,pdf_01000000__01005012___3a15b05878__line__000119,pdf_01000000__01005012___3a15b05878__scene__006,01005012_海潮珠.pdf,D:\University_studies\Junior\data_visualization\experiment\final_self\opera_dataset\01000000\01005012_海潮珠.pdf,01000000/01005012_海潮珠.pdf,49bfac8f-ad5c-4639-829d-be1bd24f8504,6,【第七场】,119,stage_direction,stage_direction,,,完,做,完,,完,,（完）
